Назва фіду,Ідентифікатор фіду,Ідентифікатор клієнта,Час завантаження
"PRODUCTS SOURCE 2","407310700","5747965785","23 бер. 2026 р., 13:19 EET"

Ідентифікатор товару,Номер рядка,Повідомлення,Тип,Значення,Назва позиції
"variant_01KKJ7XZWYW1R0WMMCXN29WW2P","11 753","Товар завантажено через кілька фідів",Попередження,,
"variant_01KKJ7XP1ZXA261BQ60KM776RA","1 145","Товар завантажено через кілька фідів",Попередження,,
"variant_01KKJ7XWEQRB652JGNV1FHCVXA","7 619","Товар завантажено через кілька фідів",Попередження,,
"variant_01KKJ7XXHC9S7TCVWGF0KEFWSH","8 999","Товар завантажено через кілька фідів",Попередження,,
"variant_01KKJ7XX0VK9YMSVE13S031VK0","8 375","Товар завантажено через кілька фідів",Попередження,,
"variant_01KKJ7XVW119B1S6RQG70ZBF5X","6 838","Товар завантажено через кілька фідів",Попередження,,
"variant_01KKJ7XTNHH7EFHYSMAMHXT9G3","5 690","Товар завантажено через кілька фідів",Попередження,,
"variant_01KKJ7XQDPJE9781G8KEADGT91","2 292","Товар завантажено через кілька фідів",Попередження,,
"variant_01KKJ7XWEV9P883ZQJY1FMNJ6C","7 921","Товар завантажено через кілька фідів",Попередження,,
"variant_01KKJ7XVJSMFZS3VH6PNH5B9H8","6 674","Товар завантажено через кілька фідів",Попередження,,
"variant_01KKJ7XXTXZDETGW0Y6P0DQF11","9 562","Товар завантажено через кілька фідів",Попередження,,
"variant_01KKJ7XNGBENHYPW0XN9QGPKYD","893","Товар завантажено через кілька фідів",Попередження,,
"variant_01KKJ7XYGK0T2J44CPPTK1D5Q9","10 455","Товар завантажено через кілька фідів",Попередження,,
"variant_01KKJ7XSWXDY9ZDE23YN3BNZZF","4 720","Товар завантажено через кілька фідів",Попередження,,
"variant_01KKJ7XTZTDV2PJSMVPBEAFRXY","5 990","Товар завантажено через кілька фідів",Попередження,,
"variant_01KKJ7XYGH2Y4JGQFSDQYG7AXQ","10 238","Товар завантажено через кілька фідів",Попередження,,
"variant_01KKJ7XT84PK7524XJ30F20941","5 259","Товар завантажено через кілька фідів",Попередження,,
"variant_01KKJ7XSWY69D8S1D6KJ6KR4J2","4 607","Товар завантажено через кілька фідів",Попередження,,
"variant_01KKJ7XZWX8RRD961SD25B87EF","11 890","Товар завантажено через кілька фідів",Попередження,,
"variant_01KKJ7XTZVMS23XB6TE91WVJBB","5 932","Товар завантажено через кілька фідів",Попередження,,
"variant_01KKJ7XSHPDS7882HP4Q3E01RD","4 386","Товар завантажено через кілька фідів",Попередження,,
"variant_01KKJ7XTNFEFXQDQB3ZWSN5DRE","5 632","Товар завантажено через кілька фідів",Попередження,,
"variant_01KKJ7XMFT9HY2CPCE2S3S1CXH","141","Товар завантажено через кілька фідів",Попередження,,
"variant_01KKJ7XT83G2VS1JSRQPCBRZ5P","5 151","Товар завантажено через кілька фідів",Попередження,,
"variant_01KKJ7XP208FBBNAXF1K11XK78","1 294","Товар завантажено через кілька фідів",Попередження,,
"variant_01KKJ7XSHP2272EJNJHGNT4637","4 443","Товар завантажено через кілька фідів",Попередження,,
"variant_01KKJ7XTZQJKCNE4577TKQDG7W","5 726","Товар завантажено через кілька фідів",Попередження,,
"variant_01KKJ7XWEPY5RJ3YHWJFJDTTGD","7 562","Товар завантажено через кілька фідів",Попередження,,
"variant_01KKJ7XV9HBGFAQPC5NFRA8QA1","6 398","Товар завантажено через кілька фідів",Попередження,,
"variant_01KKJ7XX0W9T0JS59Y2NNFVX90","8 555","Товар завантажено через кілька фідів",Попередження,,
"variant_01KKJ7XWRMK549HF5D4A6NJ81F","8 020","Товар завантажено через кілька фідів",Попередження,,
"variant_01KKJ7XX0WK9SNNEYVT4NA054K","8 429","Товар завантажено через кілька фідів",Попередження,,
"variant_01KKJ7XMFQQN2RZ6RJMXZ6SK08","43","Товар завантажено через кілька фідів",Попередження,,
"variant_01KKJ7XMFQXS4M56TYES1BH0X7","7","Товар завантажено через кілька фідів",Попередження,,
"variant_01KKJ7XY5CS2GR83EV4JCHNEKM","9 824","Товар завантажено через кілька фідів",Попередження,,
"variant_01KKJ7XVW569RNRKCJNE2P0XPS","7 110","Товар завантажено через кілька фідів",Попередження,,
"variant_01KKJ7XSWW4030DVHM1MVMFQBA","4 567","Товар завантажено через кілька фідів",Попередження,,
"variant_01KKJ7XS6G97PRPGFRJ6VJ7RYW","3 892","Товар завантажено через кілька фідів",Попередження,,
"variant_01KKJ7XXHDEYGYY3HN2CWWGADS","9 149","Товар завантажено через кілька фідів",Попередження,,
"variant_01KKJ7XXHCSBHF97CB28RWDCGS","8 981","Товар завантажено через кілька фідів",Попередження,,
"variant_01KKJ7XNGEFXW09GF2BD8R4TMW","1 011","Товар завантажено через кілька фідів",Попередження,,
"variant_01KKJ7XZH30J3MXDKKE5BCB85Q","11 366","Товар завантажено через кілька фідів",Попередження,,
"variant_01KKJ7XVJT3246NR3AFCHANDDY","6 710","Товар завантажено через кілька фідів",Попередження,,
"variant_01KKJ7XN0NHRVES3RWG8KCVDX8","721","Товар завантажено через кілька фідів",Попередження,,
"variant_01KKJ7XVW33R1382MDY2E11R57","6 948","Товар завантажено через кілька фідів",Попередження,,
"variant_01KKJ7XN0JQ3EPAMJM63PAX4FX","469","Товар завантажено через кілька фідів",Попередження,,
"variant_01KKJ7XRAFV2H7EDC2SE01NBCM","3 354","Товар завантажено через кілька фідів",Попередження,,
"variant_01KKJ7XX97A0P1A8MV7M46YAJ2","8 848","Товар завантажено через кілька фідів",Попередження,,
"variant_01KKJ7XP21P68C8RXSANKJRJYR","1 258","Товар завантажено через кілька фідів",Попередження,,
"variant_01KKJ7XRTXC3Z5ZCMXT33WYWNF","3 508","Товар завантажено через кілька фідів",Попередження,,
"variant_01KKJ7XQDQ16Y3K28T83C9X29X","2 424","Товар завантажено через кілька фідів",Попередження,,
"variant_01KKJ7XPK6EEFFNG8HM5HVSGV8","1 684","Товар завантажено через кілька фідів",Попередження,,
"variant_01KKJ7XS6FXYDBKK2XQKGG5QA0","3 973","Товар завантажено через кілька фідів",Попередження,,
"variant_01KKJ7XRAEKXZJTNA89N6J2GRA","3 110","Товар завантажено через кілька фідів",Попередження,,
"variant_01KKJ7XT81PMBAPY8QM7BJ3BFV","5 054","Товар завантажено через кілька фідів",Попередження,,
"variant_01KKJ7XT82P2DG1GEA7BSW1CSM","4 999","Товар завантажено через кілька фідів",Попередження,,
"variant_01KKJ7XPK58P8H11B436W5VVR4","1 624","Товар завантажено через кілька фідів",Попередження,,
"variant_01KKJ7XRAGAD4WTKHJ6AR69V9J","3 298","Товар завантажено через кілька фідів",Попередження,,
"variant_01KKJ7XZ6FBAHMP3RWY7QXYEQ9","10 857","Товар завантажено через кілька фідів",Попередження,,
"variant_01KKJ7XW5JYFRCT2504TC3361J","7 200","Товар завантажено через кілька фідів",Попередження,,
"variant_01KKJ7XPK5DHNZ1WK273C404XF","1 644","Товар завантажено через кілька фідів",Попередження,,
"variant_01KKJ7XWEQ15M2AJ4JRMM9SJ8P","7 823","Товар завантажено через кілька фідів",Попередження,,
"variant_01KKJ7XX94H3MYBW4V4TQ45WMW","8 683","Товар завантажено через кілька фідів",Попередження,,
"variant_01KKJ7XV9D1K2VF73HJYGS7D0B","6 228","Товар завантажено через кілька фідів",Попередження,,
"variant_01KKJ7XWET04DEHMD341AQ96WJ","7 709","Товар завантажено через кілька фідів",Попередження,,
"variant_01KKJ7XTNFF450RA7V3NGC8K3A","5 596","Товар завантажено через кілька фідів",Попередження,,
"variant_01KKJ7XS6DZFT0RBMDEJE1S7Q2","3 834","Товар завантажено через кілька фідів",Попередження,,
"variant_01KKJ7XZWYFNS2GSV2M93Q3QJ1","11 792","Товар завантажено через кілька фідів",Попередження,,
"variant_01KKJ7XXHENS7XARY6KBGRCBGG","9 226","Товар завантажено через кілька фідів",Попередження,,
"variant_01KKJ7XZWYQS8B8F9R11T8NM66","11 871","Товар завантажено через кілька фідів",Попередження,,
"variant_01KKJ7XN0KVMMRB5KNW1XW8MD4","411","Товар завантажено через кілька фідів",Попередження,,
"variant_01KKJ7XW5KJD05JV6CREBX1KF0","7 218","Товар завантажено через кілька фідів",Попередження,,
"variant_01KKJ7XMFWMM62J01QZAKAG0YQ","63","Товар завантажено через кілька фідів",Попередження,,
"variant_01KKJ7XVJWWC3VDRTX29JV3PNH","6 802","Товар завантажено через кілька фідів",Попередження,,
"variant_01KKJ7XZ6K1MT58KGK6MAMM2K6","11 109","Товар завантажено через кілька фідів",Попередження,,
"variant_01KKJ7XVJVGW77D9G56FP12GNK","6 820","Товар завантажено через кілька фідів",Попередження,,
"variant_01KKJ7XZ6NP1V11QCGAN9FR2E6","11 170","Товар завантажено через кілька фідів",Попередження,,
"variant_01KKJ7XTNGZZ9BHX0Z126PVHP1","5 448","Товар завантажено через кілька фідів",Попередження,,
"variant_01KKJ7XTZTSWEVQZVV0BC6K4T5","5 912","Товар завантажено через кілька фідів",Попередження,,
"variant_01KKJ7XQ1EGHSKDGAX3YNKJZXB","1 930","Товар завантажено через кілька фідів",Попередження,,
"variant_01KKJ7XY5E0RBNNR14XRV076QM","10 071","Товар завантажено через кілька фідів",Попередження,,
"variant_01KKJ7XT830J652T5YEZMXAVHM","5 113","Товар завантажено через кілька фідів",Попередження,,
"variant_01KKJ7XPK8WZZAD770WHC4HYTS","1 778","Товар завантажено через кілька фідів",Попередження,,
"variant_01KKJ7XSHNYJYEACNDEYNPDDD5","4 229","Товар завантажено через кілька фідів",Попередження,,
"variant_01KKJ7XRTWKJFX6Z02PAZ6K77W","3 472","Товар завантажено через кілька фідів",Попередження,,
"variant_01KKJ7XN0J6WJTHPWPBEAAVV4C","565","Товар завантажено через кілька фідів",Попередження,,
"variant_01KKJ7XP1YPBSXHM0D29Z8G7NY","1 127","Товар завантажено через кілька фідів",Попередження,,
"variant_01KKJ7XPK9M83SDHPQSVWPASM7","1 834","Товар завантажено через кілька фідів",Попередження,,
"variant_01KKJ7XSX1QKRMDF3CV0RDXEVR","4 861","Товар завантажено через кілька фідів",Попередження,,
"variant_01KKJ7XWRM7P40R7WZ4C1K2MQF","8 117","Товар завантажено через кілька фідів",Попередження,,
"variant_01KKJ7XYVGBX0GJFE60CBPV74Q","10 639","Товар завантажено через кілька фідів",Попередження,,
"variant_01KKJ7XSX1421G9BJJ2EE2EC3M","4 819","Товар завантажено через кілька фідів",Попередження,,
"variant_01KKJ7XZH03ZSHWQA3FAJZ6CA0","11 310","Товар завантажено через кілька фідів",Попередження,,
"variant_01KKJ7XY5EWN5SJ0NJ83RP76NB","10 035","Товар завантажено через кілька фідів",Попередження,,
"variant_01KKJ7XZH2SS3F6TJPCQTZDKK0","11 504","Товар завантажено через кілька фідів",Попередження,,
"variant_01KKJ7XQTZG8ZEX5WX9T5MN542","2 710","Товар завантажено через кілька фідів",Попередження,,
"variant_01KKJ7XY5F3C6Z1814SHHWVWB7","10 053","Товар завантажено через кілька фідів",Попередження,,
"variant_01KKJ7XX97KHAXBX6XH7M7JG7P","8 961","Товар завантажено через кілька фідів",Попередження,,
"variant_01KKJ7XQ1GRJYT9FAWXA90DAVK","1 970","Товар завантажено через кілька фідів",Попередження,,
"variant_01KKJ7XY5D29RRFC9NR9QK5574","9 767","Товар завантажено через кілька фідів",Попередження,,
"variant_01KKJ7XQDT0G617EKDW0XEV29V","2 442","Товар завантажено через кілька фідів",Попередження,,
"variant_01KKJ7XQTXQ90NK646XBN22WEV","2 730","Товар завантажено через кілька фідів",Попередження,,
"variant_01KKJ7XQDPGMTRQY9C9MFX3267","2 254","Товар завантажено через кілька фідів",Попередження,,
"variant_01KKJ7XVJR2NHZD0MDX24PV1HZ","6 510","Товар завантажено через кілька фідів",Попередження,,
"variant_01KKJ7XXTTQFQ6ZAQ226JFB5C0","9 396","Товар завантажено через кілька фідів",Попередження,,
"variant_01KKJ7XRV0GW6CEE8QNKFVCNN3","3 662","Товар завантажено через кілька фідів",Попередження,,
"variant_01KKJ7XVW4V9P1Z792TZ7F58YR","7 074","Товар завантажено через кілька фідів",Попередження,,
"variant_01KKJ7XX94S2X7MZBMR8CBDRT8","8 701","Товар завантажено через кілька фідів",Попередження,,
"variant_01KKJ7XWEPKN7HT8S0V1JJW3EH","7 580","Товар завантажено через кілька фідів",Попередження,,
"variant_01KKJ7XRTX97655KDKD27HHW5G","3 432","Товар завантажено через кілька фідів",Попередження,,
"variant_01KKJ7XXTWSHHRGGR0SWSR31G3","9 508","Товар завантажено через кілька фідів",Попередження,,
"variant_01KKJ7XW5NGGPPWPDH5XMG77JJ","7 314","Товар завантажено через кілька фідів",Попередження,,
"variant_01KKJ7XP23955DCY6NYHWV2F8A","1 410","Товар завантажено через кілька фідів",Попередження,,
"variant_01KKJ7XRAGE09M3Z364QMPR0S4","3 372","Товар завантажено через кілька фідів",Попередження,,
"variant_01KKJ7XSHR31R14G0CKRPKRX87","4 504","Товар завантажено через кілька фідів",Попередження,,
"variant_01KKJ7XPK7S9DETW2XRNCN0W9W","1 760","Товар завантажено через кілька фідів",Попередження,,
"variant_01KKJ7XWRNE18H4GFBH6JEQ2H7","8 098","Товар завантажено через кілька фідів",Попередження,,
"variant_01KKJ7XRAD7WZ2Q0GVQFRMBJGD","3 128","Товар завантажено через кілька фідів",Попередження,,
"variant_01KKJ7XNG9N59Y1KPXGRX7XVY7","853","Товар завантажено через кілька фідів",Попередження,,
"variant_01KKJ7XP22DH79W4S4GY2TFSTT","1 468","Товар завантажено через кілька фідів",Попередження,,
"variant_01KKJ7XX96E6MN2QBCA47XM6B2","8 739","Товар завантажено через кілька фідів",Попередження,,
"variant_01KKJ7XRADE3Q95XGFFE9K8YST","3 146","Товар завантажено через кілька фідів",Попередження,,
"variant_01KKJ7XV9EBG1ECPY8JEZ9W5JY","6 126","Товар завантажено через кілька фідів",Попередження,,
"variant_01KKJ7Y068WFADN0W1F6S2PXHN","12 175","Товар завантажено через кілька фідів",Попередження,,
"variant_01KKJ7XW5QXBHFBZDRA7PEZGKC","7 543","Товар завантажено через кілька фідів",Попередження,,
"variant_01KKJ7XYVKDT2H5THFRM75EAXG","10 657","Товар завантажено через кілька фідів",Попередження,,
"variant_01KKJ7XQTZ5ZH6B2DM18KT2KE3","2 690","Товар завантажено через кілька фідів",Попередження,,
"variant_01KKJ7XVW2NAECDCDKA2X6E4A0","7 056","Товар завантажено через кілька фідів",Попередження,,
"variant_01KKJ7XMFSQ5J4XQE18M7YTBQY","237","Товар завантажено через кілька фідів",Попередження,,
"variant_01KKJ7XX0VWYMK5BNAGVDTHF1N","8 393","Товар завантажено через кілька фідів",Попередження,,
"variant_01KKJ7XXHC4FKJMW3MB8JAGFV0","9 208","Товар завантажено через кілька фідів",Попередження,,
"variant_01KKJ7XSHQ8GMA8SASP2E4KSYD","4 367","Товар завантажено через кілька фідів",Попередження,,
"variant_01KKJ7XY5DC9XWKTNPYHQZNBKN","9 788","Товар завантажено через кілька фідів",Попередження,,
"variant_01KKJ7XXTX3KZAJ50HSDV1H1B6","9 711","Товар завантажено через кілька фідів",Попередження,,
"variant_01KKJ7XMFV8C99E2QW24R1ZQ9T","257","Товар завантажено через кілька фідів",Попередження,,
"variant_01KKJ7XQ1JF6FQWFQYMMD9B3Q4","2 234","Товар завантажено через кілька фідів",Попередження,,
"variant_01KKJ7XZX10CKNGKHK2G15RMT4","11 987","Товар завантажено через кілька фідів",Попередження,,
"variant_01KKJ7XW5NHVMFWDV2ZC3WZ1KK","7 448","Товар завантажено через кілька фідів",Попередження,,
"variant_01KKJ7XMFVZWZMAGV5WDZ5EEHM","103","Товар завантажено через кілька фідів",Попередження,,
"variant_01KKJ7Y067RJGJ5JN2EYQKJ5E1","12 044","Товар завантажено через кілька фідів",Попередження,,
"variant_01KKJ7XQV0QWHGWN1AGDTBAHF5","2 806","Товар завантажено через кілька фідів",Попередження,,
"variant_01KKJ7XZ6GVK3Z7ZJD6VWSRVWK","10 893","Товар завантажено через кілька фідів",Попередження,,
"variant_01KKJ7XV9GWJ4JQPFN9HN8NNPK","6 454","Товар завантажено через кілька фідів",Попередження,,
"variant_01KKJ7XMFWJK2GM210J0N64YGD","277","Товар завантажено через кілька фідів",Попередження,,
"variant_01KKJ7XZH0GQHGHMBPPPEPYKQR","11 483","Товар завантажено через кілька фідів",Попередження,,
"variant_01KKJ7XTNEEXDZZSNC4M7SWCTV","5 409","Товар завантажено через кілька фідів",Попередження,,
"variant_01KKJ7XPK6QAGRKECSMRBHDSKY","1 740","Товар завантажено через кілька фідів",Попередження,,
"variant_01KKJ7XS6DWVFPFF3K7FRHVFZJ","3 953","Товар завантажено через кілька фідів",Попередження,,
"variant_01KKJ7XXTXQ5YNY9W8VGPYZEEZ","9 653","Товар завантажено через кілька фідів",Попередження,,
"variant_01KKJ7XXHF03B1WXDH8MKS6QSP","9 109","Товар завантажено через кілька фідів",Попередження,,
"variant_01KKJ7XVJTPYY1S3W8EK2MXE0Y","6 656","Товар завантажено через кілька фідів",Попередження,,
"variant_01KKJ7XXTVV8H3W2ENPDJZSME9","9 526","Товар завантажено через кілька фідів",Попередження,,
"variant_01KKJ7XSX08SPXMX1RK5C9Q9B6","4 779","Товар завантажено через кілька фідів",Попередження,,
"variant_01KKJ7XMFT30RVMJD8Q4ZTSSZJ","201","Товар завантажено через кілька фідів",Попередження,,
"variant_01KKJ7XV9EZ4AJDNF1NAF934KT","6 206","Товар завантажено через кілька фідів",Попередження,,
"variant_01KKJ7XTNF0BXVEV8RG87NKWE2","5 670","Товар завантажено через кілька фідів",Попередження,,
"variant_01KKJ7XNGE8X2D4A27D245Z5RE","1 069","Товар завантажено через кілька фідів",Попередження,,
"variant_01KKJ7XTZQ90JGGZ6YN9PDHGZB","5 820","Товар завантажено через кілька фідів",Попередження,,
"variant_01KKJ7XZ6HKXSS04RBVE34AADX","11 047","Товар завантажено через кілька фідів",Попередження,,
"variant_01KKJ7XN0KAVJJ3W1D2T1PHC90","603","Товар завантажено через кілька фідів",Попередження,,
"variant_01KKJ7XWRQDH1PAVS3CN78HZ49","8 303","Товар завантажено через кілька фідів",Попередження,,
"variant_01KKJ7XV9G68YY5R7DDJ0PDJ99","6 362","Товар завантажено через кілька фідів",Попередження,,
"variant_01KKJ7XYVHWSSVFEHH0G2BPCX5","10 531","Товар завантажено через кілька фідів",Попередження,,
"variant_01KKJ7XQDTNPWMHKSQ94RXG5VD","2 540","Товар завантажено через кілька фідів",Попередження,,
"variant_01KKJ7XZWZGC6BKYWR1MDBJFR8","11 715","Товар завантажено через кілька фідів",Попередження,,
"variant_01KKJ7XPK8MZRS443ESZVB1BBF","1 814","Товар завантажено через кілька фідів",Попередження,,
"variant_01KKJ7XXTWHR78VX125D6JZBN4","9 598","Товар завантажено через кілька фідів",Попередження,,
"variant_01KKJ7XS6C4K2RJYRGEEQT0TTY","3 816","Товар завантажено через кілька фідів",Попередження,,
"variant_01KKJ7XRAF21ZC4KV9TQF8SKFF","3 280","Товар завантажено через кілька фідів",Попередження,,
"variant_01KKJ7XNGBGMPSXV6FJ17619RC","739","Товар завантажено через кілька фідів",Попередження,,
"variant_01KKJ7XS6CMA2P4AM23BXCGB3K","3 855","Товар завантажено через кілька фідів",Попередження,,
"variant_01KKJ7XYVJTM8CEXW305ZXTFBY","10 821","Товар завантажено через кілька фідів",Попередження,,
"variant_01KKJ7XQV0BA59REHCV2BPDCZA","2 902","Товар завантажено через кілька фідів",Попередження,,
"variant_01KKJ7XSWYE92Z4WH9WZW1460X","4 701","Товар завантажено через кілька фідів",Попередження,,
"variant_01KKJ7XTND6486TNK703XPT4NN","5 389","Товар завантажено через кілька фідів",Попередження,,
"variant_01KKJ7XV9FNZ5SMZWACG70XD3N","6 268","Товар завантажено через кілька фідів",Попередження,,
"variant_01KKJ7XWRNWXK63E2JEGDWEBYC","8 002","Товар завантажено через кілька фідів",Попередження,,
"variant_01KKJ7XXHDT0RYF0MC8HZ5Z5CQ","9 245","Товар завантажено через кілька фідів",Попередження,,
"variant_01KKJ7XY5ECP71WPXGFSJQQJF6","9 961","Товар завантажено через кілька фідів",Попередження,,
"variant_01KKJ7XQ1EREYXHYH09SMEC25T","2 141","Товар завантажено через кілька фідів",Попередження,,
"variant_01KKJ7XX0XKNBC1GH3P06XDQC6","8 575","Товар завантажено через кілька фідів",Попередження,,
"variant_01KKJ7XYVG1H6XQPKE38G3TD56","10 549","Товар завантажено через кілька фідів",Попередження,,
"variant_01KKJ7XWESV2GDKBHD9MYTH46J","7 841","Товар завантажено через кілька фідів",Попередження,,
"variant_01KKJ7XP22B675DQVRY2EJ1XR7","1 430","Товар завантажено через кілька фідів",Попередження,,
"variant_01KKJ7XQDSVSPNTWQW5ZNHZQV4","2 520","Товар завантажено через кілька фідів",Попередження,,
"variant_01KKJ7XNGAGF1M6K2N1BZMS6BC","835","Товар завантажено через кілька фідів",Попередження,,
"variant_01KKJ7XX0WNW925V53QKC9624H","8 593","Товар завантажено через кілька фідів",Попередження,,
"variant_01KKJ7XZH0EK4A2683CRSWBEKQ","11 462","Товар завантажено через кілька фідів",Попередження,,
"variant_01KKJ7XYGGHB6ZGVARW2GZB9DX","10 376","Товар завантажено через кілька фідів",Попередження,,
"variant_01KKJ7XT84HJM1CCT8KMS1KPCB","5 241","Товар завантажено через кілька фідів",Попередження,,
"variant_01KKJ7XRACZ47W1R1AKXABP30J","3 016","Товар завантажено через кілька фідів",Попередження,,
"variant_01KKJ7XYGFZFZDSW0H1R5TVEK1","10 394","Товар завантажено через кілька фідів",Попередження,,
"variant_01KKJ7XYGHFR70WN13JJQTDVJ6","10 297","Товар завантажено через кілька фідів",Попередження,,
"variant_01KKJ7XTZSYC9CF3N86T3TZFB4","6 072","Товар завантажено через кілька фідів",Попередження,,
"variant_01KKJ7XRV01RQA7TDG9HTZBZ9G","3 700","Товар завантажено через кілька фідів",Попередження,,
"variant_01KKJ7XSHNADW0RKASZGPD1846","4 191","Товар завантажено через кілька фідів",Попередження,,
"variant_01KKJ7XZX0VKCF70VMP0BJJAE0","11 697","Товар завантажено через кілька фідів",Попередження,,
"variant_01KKJ7XS6HGH1T5S43M0YXXFPM","3 932","Товар завантажено через кілька фідів",Попередження,,
"variant_01KKJ7XSHS12JZFSN0SE9VDSG5","4 546","Товар завантажено через кілька фідів",Попередження,,
"variant_01KKJ7XQDQE4KPY1ZAKDM07SVM","2 560","Товар завантажено через кілька фідів",Попередження,,
"variant_01KKJ7XW5QM0BJH1BR1J80NBJS","7 373","Товар завантажено через кілька фідів",Попередження,,
"variant_01KKJ7XZGYFVBMWBPRXDTT5S9T","11 292","Товар завантажено через кілька фідів",Попередження,,
"variant_01KKJ7XYGFTV2CHCK9YZ2PF544","10 435","Товар завантажено через кілька фідів",Попередження,,
"variant_01KKJ7XQV0B03YYY4R1X8WMSVF","2 768","Товар завантажено через кілька фідів",Попередження,,
"variant_01KKJ7XVJVSP2QDYBCBSFHRQ8Z","6 766","Товар завантажено через кілька фідів",Попередження,,
"variant_01KKJ7XZWXJYMPCEYRC954MKE0","11 949","Товар завантажено через кілька фідів",Попередження,,
"variant_01KKJ7XS6HR0VTYHFBP0EQ0X1M","4 131","Товар завантажено через кілька фідів",Попередження,,
"variant_01KKJ7XYVH410XB3G5CF99JQM1","10 603","Товар завантажено через кілька фідів",Попередження,,
"variant_01KKJ7XW5MXPA76DYHHN4DQ8YY","7 275","Товар завантажено через кілька фідів",Попередження,,
"variant_01KKJ7XRTY2D9ZAAB27HFRZ2CH","3 490","Товар завантажено через кілька фідів",Попередження,,
"variant_01KKJ7XP1Z2X48QJABRXKX9MFW","1 201","Товар завантажено через кілька фідів",Попередження,,
"variant_01KKJ7XZGZYMEHFMWWDREG0T0T","11 252","Товар завантажено через кілька фідів",Попередження,,
"variant_01KKJ7XQDS493A87AZPBT6X4N0","2 618","Товар завантажено через кілька фідів",Попередження,,
"variant_01KKJ7XYGHPXF2MXVKV5DKE9VH","10 279","Товар завантажено через кілька фідів",Попередження,,
"variant_01KKJ7XZWW5P8R23ZXB35WE6TR","11 618","Товар завантажено через кілька фідів",Попередження,,
"variant_01KKJ7XYVF42NWN82SCQG0A1EZ","10 585","Товар завантажено через кілька фідів",Попередження,,
"variant_01KKJ7XZWYH17GWRYB1M9E44YS","11 810","Товар завантажено через кілька фідів",Попередження,,
"variant_01KKJ7XP22WCGTNT3VPGGKFEDC","1 372","Товар завантажено через кілька фідів",Попередження,,
"variant_01KKJ7XTZR6QMGM23XTN0ZEDGC","5 876","Товар завантажено через кілька фідів",Попередження,,
"variant_01KKJ7XX0XY3PBXCFG0C34K16Y","8 519","Товар завантажено через кілька фідів",Попередження,,
"variant_01KKJ7XTZPD6EYDXT7RY0AHNEZ","5 840","Товар завантажено через кілька фідів",Попередження,,
"variant_01KKJ7XV9GGDY2RWQ3TBYSYECK","6 288","Товар завантажено через кілька фідів",Попередження,,
"variant_01KKJ7XQ1DT8W6XDKS4F416XWK","2 028","Товар завантажено через кілька фідів",Попередження,,
"variant_01KKJ7XVW353QM5C54YPASMZ74","6 912","Товар завантажено через кілька фідів",Попередження,,
"variant_01KKJ7XSHPDDSF9FWYFFN35GM8","4 289","Товар завантажено через кілька фідів",Попередження,,
"variant_01KKJ7XX0XYJ4HX98F4YZJFMF4","8 629","Товар завантажено через кілька фідів",Попередження,,
"variant_01KKJ7XYVJGCVVZMTP84QDHXKK","10 695","Товар завантажено через кілька фідів",Попередження,,
"variant_01KKJ7XT846YZ7304E71QZMNAG","5 205","Товар завантажено через кілька фідів",Попередження,,
"variant_01KKJ7XQDN85AYAS3XD13QMJNT","2 330","Товар завантажено через кілька фідів",Попередження,,
"variant_01KKJ7XP20XZ9H2GTZ5XJNWN9Q","1 334","Товар завантажено через кілька фідів",Попередження,,
"variant_01KKJ7XZWXRG78B3W787CCBM70","11 850","Товар завантажено через кілька фідів",Попередження,,
"variant_01KKJ7XZGZB1T9Z7V9R5E40KBD","11 561","Товар завантажено через кілька фідів",Попередження,,
"variant_01KKJ7XZGYBQWD9REA8X5XVK5H","11 232","Товар завантажено через кілька фідів",Попередження,,
"variant_01KKJ7XY5A7ARZYZR6GRRRRSA6","9 921","Товар завантажено через кілька фідів",Попередження,,
"variant_01KKJ7XQDSDM9K1VYJKHHEZ4XJ","2 386","Товар завантажено через кілька фідів",Попередження,,
"variant_01KKJ7XXTTXZ40KCVXY2MYV7ND","9 433","Товар завантажено через кілька фідів",Попередження,,
"variant_01KKJ7XYVGC1W4SNK4BAC25CG0","10 513","Товар завантажено через кілька фідів",Попередження,,
"variant_01KKJ7XTNEVTRY08JZWKJC11C4","5 429","Товар завантажено через кілька фідів",Попередження,,
"variant_01KKJ7XRV0ESK1SFKSY1PN2VMZ","3 564","Товар завантажено через кілька фідів",Попередження,,
"variant_01KKJ7XY5AZRPYAJGBD3CWS0CA","9 864","Товар завантажено через кілька фідів",Попередження,,
"variant_01KKJ7Y069JSADP34G9CB73X2K","12 157","Товар завантажено через кілька фідів",Попередження,,
"variant_01KKJ7XX95ZY2M5VF009HRB8AR","8 812","Товар завантажено через кілька фідів",Попередження,,
"variant_01KKJ7XSX0YS8MMY63WW7FWNFM","4 644","Товар завантажено через кілька фідів",Попередження,,
"variant_01KKJ7XN0PDQEA934WRY0Q8GWM","683","Товар завантажено через кілька фідів",Попередження,,
"variant_01KKJ7XX96YD09VSED1YCPN94W","8 775","Товар завантажено через кілька фідів",Попередження,,
"variant_01KKJ7XY5DB5ZT4A4DGM990NEF","9 900","Товар завантажено через кілька фідів",Попередження,,
"variant_01KKJ7XSX15WQ6R4WBWP11Z460","4 924","Товар завантажено через кілька фідів",Попередження,,
"variant_01KKJ7XP205780P7725MKRRFZK","1 239","Товар завантажено через кілька фідів",Попередження,,
"variant_01KKJ7XWRRKJ19K26BQZ6DM6Q8","8 267","Товар завантажено через кілька фідів",Попередження,,
"variant_01KKJ7XZ6JSMN65HZSG5G2R738","10 986","Товар завантажено через кілька фідів",Попередження,,
"variant_01KKJ7XTZR5MBM62NCFBCMHMZY","6 032","Товар завантажено через кілька фідів",Попередження,,
"variant_01KKJ7XP1Y4A1BHD2EADB4EAR5","1 221","Товар завантажено через кілька фідів",Попередження,,
"variant_01KKJ7XWRMNNBAPSSJAK04DQF0","7 981","Товар завантажено через кілька фідів",Попередження,,
"variant_01KKJ7XT83M1N2GQG564C3GP7S","5 036","Товар завантажено через кілька фідів",Попередження,,
"variant_01KKJ7XS6G807NBA8B3CDVECE0","4 013","Товар завантажено через кілька фідів",Попередження,,
"variant_01KKJ7XRAFR68W0RGK8N0QXD7R","3 336","Товар завантажено через кілька фідів",Попередження,,
"variant_01KKJ7XYGFZS5WGVYC1K08Q3E8","10 199","Товар завантажено через кілька фідів",Попередження,,
"variant_01KKJ7XW5N718G71TC0EBA4SPA","7 392","Товар завантажено через кілька фідів",Попередження,,
"variant_01KKJ7XXTWE9PVQ9EA6NYP8DV7","9 634","Товар завантажено через кілька фідів",Попередження,,
"variant_01KKJ7XT85CGHAJ9GSVWWD2Q50","5 313","Товар завантажено через кілька фідів",Попередження,,
"variant_01KKJ7XVJR8G60NN6N0JG7QPGD","6 730","Товар завантажено через кілька фідів",Попередження,,
"variant_01KKJ7XQV179PW7QXAF7XBMSJS","2 978","Товар завантажено через кілька фідів",Попередження,,
"variant_01KKJ7XTZQDV44A4A803VTMBY9","5 858","Товар завантажено через кілька фідів",Попередження,,
"variant_01KKJ7XY5FDRHXA014Y87X3W2C","9 979","Товар завантажено через кілька фідів",Попередження,,
"variant_01KKJ7XWRR8PZZNQNMDR3KZSPC","8 285","Товар завантажено через кілька фідів",Попередження,,
"variant_01KKJ7Y068V43SYNCCWG72B525","12 100","Товар завантажено через кілька фідів",Попередження,,
"variant_01KKJ7XX97AXQ1YF8979F8NMYK","8 904","Товар завантажено через кілька фідів",Попередження,,
"variant_01KKJ7XYVHF1J8E44PNJ0B06K3","10 749","Товар завантажено через кілька фідів",Попередження,,
"variant_01KKJ7XYVJA861BXVQT03136VA","10 803","Товар завантажено через кілька фідів",Попередження,,
"variant_01KKJ7XN0MM124W880NHR93VWA","489","Товар завантажено через кілька фідів",Попередження,,
"variant_01KKJ7XYVKDW4CD9HXDXNY722T","10 767","Товар завантажено через кілька фідів",Попередження,,
"variant_01KKJ7XNGDHVBD1RT5SPVVJ8QF","991","Товар завантажено через кілька фідів",Попередження,,
"variant_01KKJ7XV9H5F4SNEN0Q3C0GGG5","6 416","Товар завантажено через кілька фідів",Попередження,,
"variant_01KKJ7XSHPJ9KJM4X6R7JWGJCN","4 327","Товар завантажено через кілька фідів",Попередження,,
"variant_01KKJ7XNGBHSHWE85TZ6VNTNPZ","777","Товар завантажено через кілька фідів",Попередження,,
"variant_01KKJ7XWESS8VPSQZK4PWF3A8W","7 655","Товар завантажено через кілька фідів",Попередження,,
"variant_01KKJ7XYGGCFAMFNFYV5DHWJ0F","10 317","Товар завантажено через кілька фідів",Попередження,,
"variant_01KKJ7XWES924ES03TGX27VMBF","7 767","Товар завантажено через кілька фідів",Попередження,,
"variant_01KKJ7XSWWN8ADQ4FAPCACSYM3","4 738","Товар завантажено через кілька фідів",Попередження,,
"variant_01KKJ7XX95G2XPNSMS88MHRWES","8 793","Товар завантажено через кілька фідів",Попередження,,
"variant_01KKJ7XVJS5AJKSEBF9T1FEAEB","6 636","Товар завантажено через кілька фідів",Попередження,,
"variant_01KKJ7XVW3W26AS1C4N1GWSFDX","7 002","Товар завантажено через кілька фідів",Попередження,,
"variant_01KKJ7XSHR9JQ5V032VYVF13XJ","4 485","Товар завантажено через кілька фідів",Попередження,,
"variant_01KKJ7XXHDS4HHFAXM93VE3EF7","9 088","Товар завантажено через кілька фідів",Попередження,,
"variant_01KKJ7XY57HVBEM9PPAQ5R0MQ2","9 731","Товар завантажено через кілька фідів",Попередження,,
"variant_01KKJ7XYGE62BN9P6N7QRA2SND","10 161","Товар завантажено через кілька фідів",Попередження,,
"variant_01KKJ7XVW491ABDB4Y1XQVF1YM","7 020","Товар завантажено через кілька фідів",Попередження,,
"variant_01KKJ7XYGHWE0AAS61GHRTN254","10 356","Товар завантажено через кілька фідів",Попередження,,
"variant_01KKJ7XQ1H6HF09TXDNKN8XGHB","2 198","Товар завантажено через кілька фідів",Попередження,,
"variant_01KKJ7XSWW303YZ347MF4B8A9Q","4 665","Товар завантажено через кілька фідів",Попередження,,
"variant_01KKJ7XN0K390ETY1AX6SYPZX8","525","Товар завантажено через кілька фідів",Попередження,,
"variant_01KKJ7XYGJTC9920CDCDDMTJ3Y","10 475","Товар завантажено через кілька фідів",Попередження,,
"variant_01KKJ7XWRNMJP521XQQ8RNM58R","7 962","Товар завантажено через кілька фідів",Попередження,,
"variant_01KKJ7XQDSXZJ38DP2G27TSCJ7","2 500","Товар завантажено через кілька фідів",Попередження,,
"variant_01KKJ7XQV3135P6809846ZRHM9","2 826","Товар завантажено через кілька фідів",Попередження,,
"variant_01KKJ7XV9J9B8VBVRT83H4WH1C","6 306","Товар завантажено через кілька фідів",Попередження,,
"variant_01KKJ7XVJR0G7507MCMA25FT1E","6 492","Товар завантажено через кілька фідів",Попередження,,
"variant_01KKJ7XRAGZZFKK7R83HERPCKD","3 222","Товар завантажено через кілька фідів",Попередження,,
"variant_01KKJ7XTNEX9TNX6453GMP48SH","5 353","Товар завантажено через кілька фідів",Попередження,,
"variant_01KKJ7XWES35VA8QHBZQZ10D23","7 805","Товар завантажено через кілька фідів",Попередження,,
"variant_01KKJ7XTZPQD0BM5PRYC8VWHVJ","5 764","Товар завантажено через кілька фідів",Попередження,,
"variant_01KKJ7XV9FQHWVGH37H4Q5D5D5","6 090","Товар завантажено через кілька фідів",Попередження,,
"variant_01KKJ7XRTXM0RF0EG2MVNJK9HJ","3 392","Товар завантажено через кілька фідів",Попередження,,
"variant_01KKJ7XT82MT6WPYG478QEW2V0","5 074","Товар завантажено через кілька фідів",Попередження,,
"variant_01KKJ7XZWZXVC7HXR5TMDY79QF","11 928","Товар завантажено через кілька фідів",Попередження,,
"variant_01KKJ7XZH1PBV367Q77ERH5HAP","11 403","Товар завантажено через кілька фідів",Попередження,,
"variant_01KKJ7XTNFC1AK1RZZQJC9RR5N","5 540","Товар завантажено через кілька фідів",Попередження,,
"variant_01KKJ7XQDT5YP86S74CD8XJA5M","2 366","Товар завантажено через кілька фідів",Попередження,,
"variant_01KKJ7XX0TCGQEJNZK16AZXCBA","8 357","Товар завантажено через кілька фідів",Попередження,,
"variant_01KKJ7Y068A02TWD8ARKER40ZA","12 119","Товар завантажено через кілька фідів",Попередження,,
"variant_01KKJ7XQ1F5M6CD4N7Z1VD11MM","2 068","Товар завантажено через кілька фідів",Попередження,,
"variant_01KKJ7XWERD24YPJ1FJJW106V2","7 691","Товар завантажено через кілька фідів",Попередження,,
"variant_01KKJ7XZWZNKZJVP7FV403Z6XR","11 772","Товар завантажено через кілька фідів",Попередження,,
"variant_01KKJ7XX0YWJ23GV5103B5J4DE","8 483","Товар завантажено через кілька фідів",Попередження,,
"variant_01KKJ7XMFYFV3GH3BEAEQ47CZR","353","Товар завантажено через кілька фідів",Попередження,,
"variant_01KKJ7XSHQXK2JK0AXRR11104P","4 308","Товар завантажено через кілька фідів",Попередження,,
"variant_01KKJ7XTZTM5HWDWDG4EXXP5TF","6 010","Товар завантажено через кілька фідів",Попередження,,
"variant_01KKJ7XTNF9TVSPXR1WG5SVZ5Y","5 522","Товар завантажено через кілька фідів",Попередження,,
"variant_01KKJ7XNGC91M4GBSNNE3ZVJGM","971","Товар завантажено через кілька фідів",Попередження,,
"variant_01KKJ7XYGFZFTDEEC0HM6QG2KN","10 143","Товар завантажено через кілька фідів",Попередження,,
"variant_01KKJ7XMFSM57BGY0D8ED7ZM7D","333","Товар завантажено через кілька фідів",Попередження,,
"variant_01KKJ7XXHDFSSEVPRXKGB4365X","9 338","Товар завантажено через кілька фідів",Попередження,,
"variant_01KKJ7XPJZN27PJZDNKG5BK7Z2","1 546","Товар завантажено через кілька фідів",Попередження,,
"variant_01KKJ7XNGDDN8M7WG33T69EKRS","949","Товар завантажено через кілька фідів",Попередження,,
"variant_01KKJ7XPK52C66P2Q1249C9J2D","1 722","Товар завантажено через кілька фідів",Попередження,,
"variant_01KKJ7XQV22FHGBWM4JWGJYKPN","2 958","Товар завантажено через кілька фідів",Попередження,,
"variant_01KKJ7XVW4A0P5FYYVVYT57JAR","6 894","Товар завантажено через кілька фідів",Попередження,,
"variant_01KKJ7XTNGHVSYSM73JH17T1ZA","5 504","Товар завантажено через кілька фідів",Попередження,,
"variant_01KKJ7XS6G1EZDA4H40AQMSNJ9","4 053","Товар завантажено через кілька фідів",Попередження,,
"variant_01KKJ7XYVH3HC6RMREHVZVRT5N","10 713","Товар завантажено через кілька фідів",Попередження,,
"variant_01KKJ7XXTYNN8QMP7VYX3TCSN0","9 693","Товар завантажено через кілька фідів",Попередження,,
"variant_01KKJ7XWETQMH1G273H4MVGRTW","7 637","Товар завантажено через кілька фідів",Попередження,,
"variant_01KKJ7XZH1BGDZP5AB0XASFE70","11 580","Товар завантажено через кілька фідів",Попередження,,
"variant_01KKJ7XZ6KW4RAQQGFRGM1JJKN","10 950","Товар завантажено через кілька фідів",Попередження,,
"variant_01KKJ7XTZQBQ8GKW7TP5XYPYXX","5 782","Товар завантажено через кілька фідів",Попередження,,
"variant_01KKJ7XXTTGVR5G5QX2ZPH89XX","9 358","Товар завантажено через кілька фідів",Попередження,,
"variant_01KKJ7XMFSYG1HA24FDS6C5TTN","181","Товар завантажено через кілька фідів",Попередження,,
"variant_01KKJ7XWRRW59TC7RABXSXYN8X","8 229","Товар завантажено через кілька фідів",Попередження,,
"variant_01KKJ7XW5Q3XPJ6XS638VJTVH8","7 505","Товар завантажено через кілька фідів",Попередження,,
"variant_01KKJ7XN0KFTK4WN7F6ZEKNAS9","451","Товар завантажено через кілька фідів",Попередження,,
"variant_01KKJ7XPK717SD1GR3AZND8F2R","1 664","Товар завантажено через кілька фідів",Попередження,,
"variant_01KKJ7Y068X7198T23GKRBG843","12 081","Товар завантажено через кілька фідів",Попередження,,
"variant_01KKJ7XRV0Q4SVKHKB2VWEFS5F","3 624","Товар завантажено через кілька фідів",Попередження,,
"variant_01KKJ7XX97NRB2Y8GJEK5F571F","8 923","Товар завантажено через кілька фідів",Попередження,,
"variant_01KKJ7XMFX3MJB26J5BYJ7EV4S","371","Товар завантажено через кілька фідів",Попередження,,
"variant_01KKJ7XXHB1MA9YBD7KDZY18NG","9 052","Товар завантажено через кілька фідів",Попередження,,
"variant_01KKJ7XXHB5QH4S0M9JPTZ2DW1","9 034","Товар завантажено через кілька фідів",Попередження,,
"variant_01KKJ7XQTXWETTW3YQ67XC227S","2 636","Товар завантажено через кілька фідів",Попередження,,
"variant_01KKJ7XMFXHVWK76QD67X9S2P5","161","Товар завантажено через кілька фідів",Попередження,,
"variant_01KKJ7XS6FJR3XDFTQRGBQVDT1","4 112","Товар завантажено через кілька фідів",Попередження,,
"variant_01KKJ7XZ6M0QB44VXYFGY2RJ9D","11 213","Товар завантажено через кілька фідів",Попередження,,
"variant_01KKJ7XXTVHTCWKSCKVN4J547E","9 454","Товар завантажено через кілька фідів",Попередження,,
"variant_01KKJ7XVW580TAMP1F30RA43AJ","7 182","Товар завантажено через кілька фідів",Попередження,,
"variant_01KKJ7XQ1CPDH8A2ZXWEYE8RFA","1 872","Товар завантажено через кілька фідів",Попередження,,
"variant_01KKJ7XQTZEYT1ZJGHAW8Y2HNV","2 846","Товар завантажено через кілька фідів",Попередження,,
"variant_01KKJ7XXTWHG47YDA0HWHJ5XRV","9 580","Товар завантажено через кілька фідів",Попередження,,
"variant_01KKJ7XV9HB7XPDEKKDJS4KQ9Z","6 436","Товар завантажено через кілька фідів",Попередження,,
"variant_01KKJ7XRAFJTPHAGE5EFDGC1A6","3 242","Товар завантажено через кілька фідів",Попередження,,
"variant_01KKJ7XN0PK1RYBT1AXTDEAB98","663","Товар завантажено через кілька фідів",Попередження,,
"variant_01KKJ7XW5P89P56FJYNR8BWJJ7","7 410","Товар завантажено через кілька фідів",Попередження,,
"variant_01KKJ7XZ6G2MF47G76N08FTCWY","10 968","Товар завантажено через кілька фідів",Попередження,,
"variant_01KKJ7XZ6HF1MVWKJX7RZFMYH5","11 068","Товар завантажено через кілька фідів",Попередження,,
"variant_01KKJ7XW5K7R8RC046X4S1CXGP","7 256","Товар завантажено через кілька фідів",Попередження,,
"variant_01KKJ7XVJTYJ6QEP0J3VBH0HMY","6 582","Товар завантажено через кілька фідів",Попередження,,
"variant_01KKJ7XT81YNX9129HYARR13TK","4 962","Товар завантажено через кілька фідів",Попередження,,
"variant_01KKJ7XV9F97Z6RW6DM6RACN9F","6 166","Товар завантажено через кілька фідів",Попередження,,
"variant_01KKJ7XQTYENW5CXAJQSWYNHPR","2 654","Товар завантажено через кілька фідів",Попередження,,
"variant_01KKJ7XYVK7HD7X46WNSHXD1YK","10 731","Товар завантажено через кілька фідів",Попередження,,
"variant_01KKJ7XNGERN1Z70ZAVTBCJP6R","1 089","Товар завантажено через кілька фідів",Попередження,,
"variant_01KKJ7XQ1FXRCEVVK57MC2FVVP","2 088","Товар завантажено через кілька фідів",Попередження,,
"variant_01KKJ7XSHPZ60EH6XN9HYRBPV0","4 423","Товар завантажено через кілька фідів",Попередження,,
"variant_01KKJ7XRTXDKBZPYEKNQ2WZE0D","3 526","Товар завантажено через кілька фідів",Попередження,,
"variant_01KKJ7XX0XAQAQCTQDBGB0E1D3","8 647","Товар завантажено через кілька фідів",Попередження,,
"variant_01KKJ7XPK6YN8PBKWKQHXNXDBC","1 704","Товар завантажено через кілька фідів",Попередження,,
"variant_01KKJ7XWRSPA1XE89E2NPZPGGF","8 191","Товар завантажено через кілька фідів",Попередження,,
"variant_01KKJ7XVJVY83JEZDCJE2JBWXR","6 618","Товар завантажено через кілька фідів",Попередження,,
"variant_01KKJ7XS6DTAY23VM46WBMD93D","3 778","Товар завантажено через кілька фідів",Попередження,,
"variant_01KKJ7XWEVYP9QJNWEPGH0V5EK","7 861","Товар завантажено через кілька фідів",Попередження,,
"variant_01KKJ7XWRQ3R5VWZ8JCSYN6Q6A","8 057","Товар завантажено через кілька фідів",Попередження,,
"variant_01KKJ7XRACEX1WD787148SDZNQ","3 053","Товар завантажено через кілька фідів",Попередження,,
"variant_01KKJ7XPK68SCGEMBZQ0N2J4BC","1 584","Товар завантажено через кілька фідів",Попередження,,
"variant_01KKJ7XRAEDVY5J1TWY456BEPQ","3 204","Товар завантажено через кілька фідів",Попередження,,
"variant_01KKJ7XQDQRBKH3KCRT9QW2BDM","2 480","Товар завантажено через кілька фідів",Попередження,,
"variant_01KKJ7XXHB2TD304VCYAPR9G1J","9 017","Товар завантажено через кілька фідів",Попередження,,
"variant_01KKJ7XPK7VMBPBN0761DFA6N8","1 564","Товар завантажено через кілька фідів",Попередження,,
"variant_01KKJ7XRTZT3WY4NG3BK4BGRGH","3 584","Товар завантажено через кілька фідів",Попередження,,
"variant_01KKJ7XZH1FAV5QE9A0FRVKAEY","11 329","Товар завантажено через кілька фідів",Попередження,,
"variant_01KKJ7XQ1FVMX1HTCM5EAYTP1C","2 160","Товар завантажено через кілька фідів",Попередження,,
"variant_01KKJ7XX96CB9TPCNJ219BZ37D","8 886","Товар завантажено через кілька фідів",Попередження,,
"variant_01KKJ7XVW5DDDEES9QYSMMZ7V1","7 164","Товар завантажено через кілька фідів",Попередження,,
"variant_01KKJ7XSX2RD1402K1MN5TDYWY","4 943","Товар завантажено через кілька фідів",Попередження,,
"variant_01KKJ7XS6HWB58A5GJD7B3YMQR","4 150","Товар завантажено через кілька фідів",Попередження,,
"variant_01KKJ7XZWW5TY67DERG0TK8HDB","11 656","Товар завантажено через кілька фідів",Попередження,,
"variant_01KKJ7XV9GQ6KCFZWANPJY109G","6 326","Товар завантажено через кілька фідів",Попередження,,
"variant_01KKJ7XWERV7YM3779AY94NPGE","7 749","Товар завантажено через кілька фідів",Попередження,,
"variant_01KKJ7XT85K5KZNKZ7M4HRKHFP","5 295","Товар завантажено через кілька фідів",Попередження,,
"variant_01KKJ7XNGBYSB5RDJW1TM8T71C","817","Товар завантажено через кілька фідів",Попередження,,
"variant_01KKJ7XSX0Y5W1E4TZVB1CVXME","4 625","Товар завантажено через кілька фідів",Попередження,,
"variant_01KKJ7XXTW66FPTWHN2SFRNP0K","9 490","Товар завантажено через кілька фідів",Попередження,,
"variant_01KKJ7XNGEPKNHERSC16YM88ME","1 049","Товар завантажено через кілька фідів",Попередження,,
"variant_01KKJ7XWER1A675DP32G2M7C1H","7 673","Товар завантажено через кілька фідів",Попередження,,
"variant_01KKJ7Y06845A8D77RJBN8NNA6","12 062","Товар завантажено через кілька фідів",Попередження,,
"variant_01KKJ7XZH22WEJAKDF897KQAJG","11 384","Товар завантажено через кілька фідів",Попередження,,
"variant_01KKJ7XZX0J94TX8X3E2MNM20A","11 969","Товар завантажено через кілька фідів",Попередження,,
"variant_01KKJ7XTZSDN8462WBWAMFR0E8","6 054","Товар завантажено через кілька фідів",Попередження,,
"variant_01KKJ7XS6EPVF7CTS2E03PBH8Q","3 911","Товар завантажено через кілька фідів",Попередження,,
"variant_01KKJ7XS6EH66YF5YRYND4A315","3 873","Товар завантажено через кілька фідів",Попередження,,
"variant_01KKJ7XSHQF11AAJQT0ZMBKG63","4 348","Товар завантажено через кілька фідів",Попередження,,
"variant_01KKJ7XTNEFAWYX5W86G8QXHD0","5 371","Товар завантажено через кілька фідів",Попередження,,
"variant_01KKJ7XYGD192FMP0VBEX093F7","10 179","Товар завантажено через кілька фідів",Попередження,,
"variant_01KKJ7XXTVNY2FZV0PDZ85CYGJ","9 544","Товар завантажено через кілька фідів",Попередження,,
"variant_01KKJ7XY59AQJSVXA5BK3GSY6E","9 843","Товар завантажено через кілька фідів",Попередження,,
"variant_01KKJ7XTZN9JTYTBB83NF5EYYX","5 708","Товар завантажено через кілька фідів",Попередження,,
"variant_01KKJ7XT84NBZ5EV60R1SVDF4C","5 169","Товар завантажено через кілька фідів",Попередження,,
"variant_01KKJ7XW5MA542Y0MQ1XT06A3A","7 352","Товар завантажено через кілька фідів",Попередження,,
"variant_01KKJ7XWRQNE5CA49M4VP2BD87","8 173","Товар завантажено через кілька фідів",Попередження,,
"variant_01KKJ7XYGEGGAJH1EPY6VJTWZ2","10 107","Товар завантажено через кілька фідів",Попередження,,
"variant_01KKJ7XNGCDZER974AM2FR88RW","911","Товар завантажено через кілька фідів",Попередження,,
"variant_01KKJ7XZWYGGR5HGM6C2KM0V8H","11 734","Товар завантажено через кілька фідів",Попередження,,
"variant_01KKJ7XWRKWVYTWWNSP012REMJ","7 939","Товар завантажено через кілька фідів",Попередження,,
"variant_01KKJ7XW5N78M1DS6CCG0EDT6R","7 466","Товар завантажено через кілька фідів",Попередження,,
"variant_01KKJ7XQV1PXB6GRPJ3RY9K6R7","2 786","Товар завантажено через кілька фідів",Попередження,,
"variant_01KKJ7XSHQF5JPSG814QXE9PB2","4 247","Товар завантажено через кілька фідів",Попередження,,
"variant_01KKJ7XVJSK9TP8YZ115TM356Z","6 546","Товар завантажено через кілька фідів",Попередження,,
"variant_01KKJ7XP21ASPB3QWFCTX8KCMV","1 314","Товар завантажено через кілька фідів",Попередження,,
"variant_01KKJ7XX0XC7MXHVGXSD80A89S","8 537","Товар завантажено через кілька фідів",Попередження,,
"variant_01KKJ7XQ1DE9NXFKYN8YTCH9CS","2 008","Товар завантажено через кілька фідів",Попередження,,
"variant_01KKJ7XSHQ6J8KDNCP6G59QG46","4 268","Товар завантажено через кілька фідів",Попередження,,
"variant_01KKJ7XWEQQV5ZPMK1N80MPJGG","7 785","Товар завантажено через кілька фідів",Попередження,,
"variant_01KKJ7XX97SCTK11VVP5PCQ9HW","8 941","Товар завантажено через кілька фідів",Попередження,,
"variant_01KKJ7XQV1Y4JH35X3M3NVDA4T","2 920","Товар завантажено через кілька фідів",Попередження,,
"variant_01KKJ7XTNGG0ZFEF88JSV40K3G","5 486","Товар завантажено через кілька фідів",Попередження,,
"variant_01KKJ7XRAEHSD17Q28DNQENG2E","3 036","Товар завантажено через кілька фідів",Попередження,,
"variant_01KKJ7XQ1EXPDMTPPG5AZ9Q31T","1 912","Товар завантажено через кілька фідів",Попередження,,
"variant_01KKJ7XXTXNFQCWYZ04PQVMJGB","9 472","Товар завантажено через кілька фідів",Попередження,,
"variant_01KKJ7XYVGMYX9MN934MPR9DTE","10 621","Товар завантажено через кілька фідів",Попередження,,
"variant_01KKJ7XZGZVF7AD9T9GEE53GB9","11 441","Товар завантажено через кілька фідів",Попередження,,
"variant_01KKJ7XW5PJ2TQQDZMY523H4AX","7 334","Товар завантажено через кілька фідів",Попередження,,
"variant_01KKJ7XN0JSDAQA4VN262NMH72","507","Товар завантажено через кілька фідів",Попередження,,
"variant_01KKJ7XQDT0P1WBDRQH7CKHEWP","2 462","Товар завантажено через кілька фідів",Попередження,,
"variant_01KKJ7XQDR4Y7EM4AE6J1XTKD3","2 580","Товар завантажено через кілька фідів",Попередження,,
"variant_01KKJ7XSHN7FJVQFWCGEV43JF5","4 170","Товар завантажено через кілька фідів",Попередження,,
"variant_01KKJ7XWRRX6GP9WZ95C3ZKTQD","8 211","Товар завантажено через кілька фідів",Попередження,,
"variant_01KKJ7XPK54DKNHS7D0D0RY607","1 604","Товар завантажено через кілька фідів",Попередження,,
"variant_01KKJ7XRTZ2FZ4XVGDD62VZ167","3 546","Товар завантажено через кілька фідів",Попередження,,
"variant_01KKJ7XZ6HTA29HKFZYXBRJ4V8","11 028","Товар завантажено через кілька фідів",Попередження,,
"variant_01KKJ7XZ6MPZYE8R93FG6AHQFZ","11 190","Товар завантажено через кілька фідів",Попередження,,
"variant_01KKJ7XS6FXTAS7XHB2F4W3010","3 994","Товар завантажено через кілька фідів",Попередження,,
"variant_01KKJ7XVJRW79T58H5M7GT6930","6 528","Товар завантажено через кілька фідів",Попередження,,
"variant_01KKJ7XXHD05EA8RS0PE4NC5QD","9 169","Товар завантажено через кілька фідів",Попередження,,
"variant_01KKJ7XN0MTBTPD3TX1HY4Q84T","623","Товар завантажено через кілька фідів",Попередження,,
"variant_01KKJ7XVJTXBBG3EYQBQD2J6XM","6 600","Товар завантажено через кілька фідів",Попередження,,
"variant_01KKJ7XNGDAJ3J90E1V5RRZGFK","931","Товар завантажено через кілька фідів",Попередження,,
"variant_01KKJ7XPK8VHRCXV6XDGQQBHEF","1 796","Товар завантажено через кілька фідів",Попередження,,
"variant_01KKJ7XS6G6KD0Y0A4Z44K1B2B","4 032","Товар завантажено через кілька фідів",Попередження,,
"variant_01KKJ7XWETJQ4MYWWBHQ1S4N03","7 730","Товар завантажено через кілька фідів",Попередження,,
"variant_01KKJ7XQ1HNPDVMBG9HYJYMQ0H","2 123","Товар завантажено через кілька фідів",Попередження,,
"variant_01KKJ7XYGG73JJCFS7Y8Z59JS8","10 259","Товар завантажено через кілька фідів",Попередження,,
"variant_01KKJ7XQV2Z2VTNFZNEMS4D5BF","2 996","Товар завантажено через кілька фідів",Попередження,,
"variant_01KKJ7XZWWHRQ9EQMVXZ3D669W","11 637","Товар завантажено через кілька фідів",Попередження,,
"variant_01KKJ7XQ1F8W3KEJFKM710BTWG","2 180","Товар завантажено через кілька фідів",Попередження,,
"variant_01KKJ7XRTYMBWFXF69PS67281D","3 452","Товар завантажено через кілька фідів",Попередження,,
"variant_01KKJ7XZ6EY8XCGH4GDY8MXYGD","10 875","Товар завантажено через кілька фідів",Попередження,,
"variant_01KKJ7XSHR7PYSDJKG93Y85V62","4 523","Товар завантажено через кілька фідів",Попередження,,
"variant_01KKJ7XP1XSPSJKK799Z5ETKX8","1 109","Товар завантажено через кілька фідів",Попередження,,
"variant_01KKJ7XRADD9RVB4RWV495HG9Y","3 090","Товар завантажено через кілька фідів",Попередження,,
"variant_01KKJ7XPK497YVH6MWFCR8WJJP","1 526","Товар завантажено через кілька фідів",Попередження,,
"variant_01KKJ7XWRPWXRCP71Q08XA230Q","8 135","Товар завантажено через кілька фідів",Попередження,,
"variant_01KKJ7XN0KMRE3441M1AGGAZTA","643","Товар завантажено через кілька фідів",Попередження,,
"variant_01KKJ7XX0XVYJY5WQ7NR7WWKAF","8 501","Товар завантажено через кілька фідів",Попередження,,
"variant_01KKJ7XVW2A73GQTZAJ9QHZEX2","7 038","Товар завантажено через кілька фідів",Попередження,,
"variant_01KKJ7XQDP5FN2DD5KY79NB83S","2 310","Товар завантажено через кілька фідів",Попередження,,
"variant_01KKJ7XRTZXWACKBQYC3QPBXJS","3 644","Товар завантажено через кілька фідів",Попередження,,
"variant_01KKJ7XX95AHBTMYM1M6JVT4E4","8 868","Товар завантажено через кілька фідів",Попередження,,
"variant_01KKJ7XVW4DGBZGXW2R31K62XY","6 966","Товар завантажено через кілька фідів",Попередження,,
"variant_01KKJ7XTNGKB0SSXACDMS65448","5 614","Товар завантажено через кілька фідів",Попередження,,
"variant_01KKJ7XT85MB0W8N0HFWB5ABX3","5 277","Товар завантажено через кілька фідів",Попередження,,
"variant_01KKJ7XQV3TNAPY2WN9TBSPYEW","2 938","Товар завантажено через кілька фідів",Попередження,,
"variant_01KKJ7XVW5RM87921M68643PWQ","7 146","Товар завантажено через кілька фідів",Попередження,,
"variant_01KKJ7XWRM7N55Z7RTN0RSBM8M","8 077","Товар завантажено через кілька фідів",Попередження,,
"variant_01KKJ7XX0W9381M1A4YAECKF4G","8 465","Товар завантажено через кілька фідів",Попередження,,
"variant_01KKJ7XQDR0NA2N1QRA8W5T4C9","2 598","Товар завантажено через кілька фідів",Попередження,,
"variant_01KKJ7XRV1S3C603BVWY9KHGYP","3 760","Товар завантажено через кілька фідів",Попередження,,
"variant_01KKJ7XTZSMB8AHY50FDKZH9JZ","5 972","Товар завантажено через кілька фідів",Попередження,,
"variant_01KKJ7XMFTJ92A6SDFN3DDW0B2","121","Товар завантажено через кілька фідів",Попередження,,
"variant_01KKJ7XZ6MCAKPB3X2V5V1VES3","10 911","Товар завантажено через кілька фідів",Попередження,,
"variant_01KKJ7XZ6JWZQXEZE4G3KH8708","11 089","Товар завантажено через кілька фідів",Попередження,,
"variant_01KKJ7XXHEMKQ793P83WAAX5K8","9 189","Товар завантажено через кілька фідів",Попередження,,
"variant_01KKJ7XZH0V2HVW74BA12SSA2T","11 599","Товар завантажено через кілька фідів",Попередження,,
"variant_01KKJ7XXTVB6Z522AES856T3KT","9 616","Товар завантажено через кілька фідів",Попередження,,
"variant_01KKJ7XSHR7997C2B0XG7F1ZTW","4 462","Товар завантажено через кілька фідів",Попередження,,
"variant_01KKJ7XZX0BWM5DMZC3K72XTH4","11 679","Товар завантажено через кілька фідів",Попередження,,
"variant_01KKJ7XYVH64X04T6MCXVEQX2K","10 495","Товар завантажено через кілька фідів",Попередження,,
"variant_01KKJ7XT80DR5220MDG7BC30MA","5 092","Товар завантажено через кілька фідів",Попередження,,
"variant_01KKJ7XSWYSM0A6TY2NFWFEEHE","4 683","Товар завантажено через кілька фідів",Попередження,,
"variant_01KKJ7XY5FYFGCQYYF5Y51PXJT","10 017","Товар завантажено через кілька фідів",Попередження,,
"variant_01KKJ7XX0VP905RWEJ3QTD2KTS","8 321","Товар завантажено через кілька фідів",Попередження,,
"variant_01KKJ7XY59Q4FRJ4XXDY6GR3G1","9 882","Товар завантажено через кілька фідів",Попередження,,
"variant_01KKJ7XV9H6AQE3D3GVT70PHQY","6 344","Товар завантажено через кілька фідів",Попередження,,
"variant_01KKJ7XN0MYGB5XPHN7DSN02J6","431","Товар завантажено через кілька фідів",Попередження,,
"variant_01KKJ7XYVJ1E98SJVE2Q5Z83P4","10 785","Товар завантажено через кілька фідів",Попередження,,
"variant_01KKJ7XX0YVQKZEGW14YCSR36Z","8 611","Товар завантажено через кілька фідів",Попередження,,
"variant_01KKJ7XPJYAGZQV0VA3GCBZJ06","1 488","Товар завантажено через кілька фідів",Попередження,,
"variant_01KKJ7XV9HKS1ZR8DBFB2ANM80","6 380","Товар завантажено через кілька фідів",Попередження,,
"variant_01KKJ7XY5FY6CH9PK69EJD8YRJ","9 999","Товар завантажено через кілька фідів",Попередження,,
"variant_01KKJ7XZ6G9BE7CDKN8Z6YHR9T","10 930","Товар завантажено через кілька фідів",Попередження,,
"variant_01KKJ7XX97XM5C4Z7WMYFW4910","8 757","Товар завантажено через кілька фідів",Попередження,,
"variant_01KKJ7Y0675879W59NXM87P88K","12 024","Товар завантажено через кілька фідів",Попередження,,
"variant_01KKJ7XYGEMXWC12VPSRV7MMKW","10 125","Товар завантажено через кілька фідів",Попередження,,
"variant_01KKJ7XWRPGCCK79RFZQZAPPC7","8 155","Товар завантажено через кілька фідів",Попередження,,
"variant_01KKJ7XTNE07KDZKWCGBM991F2","5 650","Товар завантажено через кілька фідів",Попередження,,
"variant_01KKJ7XN0HHTKB2275YDWC2CHE","391","Товар завантажено через кілька фідів",Попередження,,
"variant_01KKJ7Y06903HNT9J5BVHAWZDX","12 137","Товар завантажено через кілька фідів",Попередження,,
"variant_01KKJ7XVJTKKWA70J2JV7QKVE9","6 692","Товар завантажено через кілька фідів",Попередження,,
"variant_01KKJ7XYGG908RMMG6SV9FGC09","10 415","Товар завантажено через кілька фідів",Попередження,,
"variant_01KKJ7XS6FM8PW2VJCFRAXW8JR","4 074","Товар завантажено через кілька фідів",Попередження,,
"variant_01KKJ7XXHENAGJ15BWRH7TQ7P8","9 282","Товар завантажено через кілька фідів",Попередження,,
"variant_01KKJ7XQDRQSQ3S1PD6VYE02K0","2 404","Товар завантажено через кілька фідів",Попередження,,
"variant_01KKJ7XZGY4F2MARDYNM60R948","11 271","Товар завантажено через кілька фідів",Попередження,,
"variant_01KKJ7XTZPBVW3RREVM66PPARA","5 802","Товар завантажено через кілька фідів",Попередження,,
"variant_01KKJ7XVW10V63NVCFM7593NR3","6 856","Товар завантажено через кілька фідів",Попередження,,
"variant_01KKJ7XRAEV0MGCQJ9KXZD2WE0","3 164","Товар завантажено через кілька фідів",Попередження,,
"variant_01KKJ7XWEVN3V1H6RXA198SD8Y","7 900","Товар завантажено через кілька фідів",Попередження,,
"variant_01KKJ7XRV1RD3QTG7GT9FPHMKP","3 720","Товар завантажено через кілька фідів",Попередження,,
"variant_01KKJ7XWRS7EXDP8H4XKE3D3HA","8 249","Товар завантажено через кілька фідів",Попередження,,
"variant_01KKJ7XY59S2SVEN64V3PHVF36","9 749","Товар завантажено через кілька фідів",Попередження,,
"variant_01KKJ7XQ1GR7YYP87JDAPTQWC3","2 105","Товар завантажено через кілька фідів",Попередження,,
"variant_01KKJ7XVW318E5JESN7WSPFJ8V","6 876","Товар завантажено через кілька фідів",Попередження,,
"variant_01KKJ7XP1Y3TJKA00SFXJVDTTY","1 181","Товар завантажено через кілька фідів",Попередження,,
"variant_01KKJ7XY59WMHVNWHF3XG95VNE","9 940","Товар завантажено через кілька фідів",Попередження,,
"variant_01KKJ7XRTYG6Q56AMVXYDZ5VEZ","3 740","Товар завантажено через кілька фідів",Попередження,,
"variant_01KKJ7XMFXHGWH80P2Q3MS99Z3","315","Товар завантажено через кілька фідів",Попередження,,
"variant_01KKJ7XSX108ADA5NQW1TTKTBM","4 882","Товар завантажено через кілька фідів",Попередження,,
"variant_01KKJ7XVW265TJ0WSC7XKVW8FM","6 984","Товар завантажено через кілька фідів",Попередження,,
"variant_01KKJ7XTZRJY4WY9X368PMG41A","5 744","Товар завантажено через кілька фідів",Попередження,,
"variant_01KKJ7XTNH3QV9H47XSJ7RRRP6","5 558","Товар завантажено через кілька фідів",Попередження,,
"variant_01KKJ7XSWVZ086HGANBY1SG72S","4 586","Товар завантажено через кілька фідів",Попередження,,
"variant_01KKJ7XQDNFEQG1JA8RFCWWN9Q","2 348","Товар завантажено через кілька фідів",Попередження,,
"variant_01KKJ7XRAD3EA7EWDNE0KPSVKQ","3 184","Товар завантажено через кілька фідів",Попередження,,
"variant_01KKJ7XX0VSSX3ECAV18XH8X3S","8 447","Товар завантажено через кілька фідів",Попередження,,
"variant_01KKJ7XQ1DR0R2ZGEJPZ1X1R5X","2 048","Товар завантажено через кілька фідів",Попередження,,
"variant_01KKJ7XW5M87N1WZVGR0JWVD84","7 485","Товар завантажено через кілька фідів",Попередження,,
"variant_01KKJ7XQV3DC9NES3E6GH6W068","2 864","Товар завантажено через кілька фідів",Попередження,,
"variant_01KKJ7XW5K6W31XTS5Y55VBJJ6","7 237","Товар завантажено через кілька фідів",Попередження,,
"variant_01KKJ7XXTS57PVW2QP70BFNNA8","9 414","Товар завантажено через кілька фідів",Попередження,,
"variant_01KKJ7XP20G16J22JTGWFY5QDN","1 352","Товар завантажено через кілька фідів",Попередження,,
"variant_01KKJ7XYGJGY4AV1DX0Q0F1G31","10 335","Товар завантажено через кілька фідів",Попередження,,
"variant_01KKJ7XPK9B53G8H2C4C5E5FYV","1 852","Товар завантажено через кілька фідів",Попередження,,
"variant_01KKJ7XN0M0NFK7BS0X2J86ESY","545","Товар завантажено через кілька фідів",Попередження,,
"variant_01KKJ7XV9F5A8Q5ZV7YWRTR0Y2","6 186","Товар завантажено через кілька фідів",Попередження,,
"variant_01KKJ7XRAEHK4PBR9SKSA1NSTH","3 073","Товар завантажено через кілька фідів",Попередження,,
"variant_01KKJ7XWEQQT38EBR7CKB7WQVK","7 601","Товар завантажено через кілька фідів",Попередження,,
"variant_01KKJ7XQ1DRG6T1S7YPS2SHT8H","1 988","Товар завантажено через кілька фідів",Попередження,,
"variant_01KKJ7XVW5RV97F87CR6HM9XPV","7 128","Товар завантажено через кілька фідів",Попередження,,
"variant_01KKJ7XQTY8M99AJC710GP27K6","2 750","Товар завантажено через кілька фідів",Попередження,,
"variant_01KKJ7XTZRK4TESGK4K3WJ4A5S","5 894","Товар завантажено через кілька фідів",Попередження,,
"variant_01KKJ7XV9FQQDPPGA93X32970D","6 108","Товар завантажено через кілька фідів",Попередження,,
"variant_01KKJ7XS6FH51B2T0RCTYA31N8","4 094","Товар завантажено через кілька фідів",Попередження,,
"variant_01KKJ7XT8072XH30ABNGNYP9G4","5 017","Товар завантажено через кілька фідів",Попередження,,
"variant_01KKJ7XV9EHFTG671BPPBTXWJH","6 146","Товар завантажено через кілька фідів",Попередження,,
"variant_01KKJ7XZ6F346WTMMG4R8FKQDZ","10 839","Товар завантажено через кілька фідів",Попередження,,
"variant_01KKJ7XVJVTKQYAYTCHS8YSP0A","6 748","Товар завантажено через кілька фідів",Попередження,,
"variant_01KKJ7XYVG4F3D3DS2PQS5ASJ1","10 567","Товар завантажено через кілька фідів",Попередження,,
"variant_01KKJ7XNGASNZP0AQM5968W742","757","Товар завантажено через кілька фідів",Попередження,,
"variant_01KKJ7XRAH8VCQK62V2JQATBTJ","3 318","Товар завантажено через кілька фідів",Попередження,,
"variant_01KKJ7XSHQ6DR543D3AHRFDNCD","4 405","Товар завантажено через кілька фідів",Попередження,,
"variant_01KKJ7XTNDGGX550J4JPB32F96","5 333","Товар завантажено через кілька фідів",Попередження,,
"variant_01KKJ7XXTXSKY3731P74HPJ8DF","9 671","Товар завантажено через кілька фідів",Попередження,,
"variant_01KKJ7XZWZA1KNN611FFGGYFQX","11 909","Товар завантажено через кілька фідів",Попередження,,
"variant_01KKJ7XYGJ76Y423CCZV1F5RHQ","10 219","Товар завантажено через кілька фідів",Попередження,,
"variant_01KKJ7XNGC2JA1REBEXFEWB6N3","795","Товар завантажено через кілька фідів",Попередження,,
"variant_01KKJ7XPJZ5J3N450Y6H0DA66S","1 506","Товар завантажено через кілька фідів",Попередження,,
"variant_01KKJ7XZH2S3GV8G8DNAC7F7RD","11 542","Товар завантажено через кілька фідів",Попередження,,
"variant_01KKJ7XXHF6BSHZDP79SNHPP24","9 301","Товар завантажено через кілька фідів",Попередження,,
"variant_01KKJ7XW5QBW8R4Q6RY9TY6CG5","7 525","Товар завантажено через кілька фідів",Попередження,,
"variant_01KKJ7XSWXAQVG75WFTFFDY3MW","4 800","Товар завантажено через кілька фідів",Попередження,,
"variant_01KKJ7XSWXFJPXFQVCB6VYE049","4 760","Товар завантажено через кілька фідів",Попередження,,
"variant_01KKJ7XRTZFRKR75EANPZZCTJN","3 604","Товар завантажено через кілька фідів",Попередження,,
"variant_01KKJ7XT83JVTTNSWZBRFQB511","5 187","Товар завантажено через кілька фідів",Попередження,,
"variant_01KKJ7XZ6MNWNEPS9ZWYT9HCPE","11 149","Товар завантажено через кілька фідів",Попередження,,
"variant_01KKJ7XX0VQS0BNY4MXD3NNR6M","8 339","Товар завантажено через кілька фідів",Попередження,,
"variant_01KKJ7XP21VAVTHKV7365VMNSN","1 392","Товар завантажено через кілька фідів",Попередження,,
"variant_01KKJ7XQ1C12FTVP5W2ZEM8CTY","1 892","Товар завантажено через кілька фідів",Попередження,,
"variant_01KKJ7XVJWBWS6JMR2G1YP1705","6 784","Товар завантажено через кілька фідів",Попередження,,
"variant_01KKJ7XZH3TYGJNNH7RTXBVA34","11 348","Товар завантажено через кілька фідів",Попередження,,
"variant_01KKJ7XSX1QDFXFJCXEWPJ2TSX","4 901","Товар завантажено через кілька фідів",Попередження,,
"variant_01KKJ7XQ1J59NK23ZHMTJF49E4","2 216","Товар завантажено через кілька фідів",Попередження,,
"variant_01KKJ7XMFX1WKB1804G7FGM6R4","295","Товар завантажено через кілька фідів",Попередження,,
"variant_01KKJ7XMFR3P6QXKBDPKP407G0","25","Товар завантажено через кілька фідів",Попередження,,
"variant_01KKJ7XP1YGPQB5NVY8XYN234M","1 163","Товар завантажено через кілька фідів",Попередження,,
"variant_01KKJ7XWRN3H84DBM0R0Y16H0Q","8 038","Товар завантажено через кілька фідів",Попередження,,
"variant_01KKJ7XZGZ4D1ET3XD8Y1KM7J9","11 421","Товар завантажено через кілька фідів",Попередження,,
"variant_01KKJ7XXHEYWXSMX1B8CT8CZSB","9 130","Товар завантажено через кілька фідів",Попередження,,
"variant_01KKJ7XMFWHZ260YAJ4N59B2PP","219","Товар завантажено через кілька фідів",Попередження,,
"variant_01KKJ7XXHCHS50WY3WBGFV4R8D","9 320","Товар завантажено через кілька фідів",Попередження,,
"variant_01KKJ7XVJSTD0GV3PHWZ46WJBS","6 564","Товар завантажено через кілька фідів",Попередження,,
"variant_01KKJ7XTNG77BGF6D330MJW2WE","5 468","Товар завантажено через кілька фідів",Попередження,,
"variant_01KKJ7XX0W86X1PKT9DKMERMWK","8 665","Товар завантажено через кілька фідів",Попередження,,
"variant_01KKJ7XTZS73JGG4Y7CB8PQAVB","5 952","Товар завантажено через кілька фідів",Попередження,,
"variant_01KKJ7XQDNYC7TFRV2QYZXJXBM","2 272","Товар завантажено через кілька фідів",Попередження,,
"variant_01KKJ7XSHMVQ0MNFDJRES6X5PZ","4 211","Товар завантажено через кілька фідів",Попередження,,
"variant_01KKJ7XW5MCSZP17ZBK9DFMXD6","7 295","Товар завантажено через кілька фідів",Попередження,,
"variant_01KKJ7XX95W3Q9VATT75P97QCS","8 721","Товар завантажено через кілька фідів",Попередження,,
"variant_01KKJ7XQV2CMMDSE7C3WZ08QPG","2 884","Товар завантажено через кілька фідів",Попередження,,
"variant_01KKJ7XZ6KTBNDHV60NYZF701A","11 128","Товар завантажено через кілька фідів",Попередження,,
"variant_01KKJ7XVW20483B1M5Y6ZJ9B2T","7 092","Товар завантажено через кілька фідів",Попередження,,
"variant_01KKJ7XV9EYH15S69T4Y2W9BRS","6 248","Товар завантажено через кілька фідів",Попередження,,
"variant_01KKJ7XRTYH99VJS3ZK5KK9PXC","3 680","Товар завантажено через кілька фідів",Попередження,,
"variant_01KKJ7XMFR7NFS56PFXZD8378P","83","Товар завантажено через кілька фідів",Попередження,,
"variant_01KKJ7Y067CW31E5KG6VJKT7WB","12 005","Товар завантажено через кілька фідів",Попередження,,
"variant_01KKJ7XXHFDBVY7J5RBSME7V6D","9 263","Товар завантажено через кілька фідів",Попередження,,
"variant_01KKJ7XNGAG40M30TKC7CRER7M","873","Товар завантажено через кілька фідів",Попередження,,
"variant_01KKJ7XN0NXAJT7N5PX5W86FTS","583","Товар завантажено через кілька фідів",Попередження,,
"variant_01KKJ7XZH11RP1FENE3ZGH8W32","11 524","Товар завантажено через кілька фідів",Попередження,,
"variant_01KKJ7XN0NQVWHZ0242SN68F29","703","Товар завантажено через кілька фідів",Попередження,,
"variant_01KKJ7XX963EFAJ2G4Q2EK76ZT","8 830","Товар завантажено через кілька фідів",Попередження,,
"variant_01KKJ7XZWZZK8XHXXSESRRMTMN","11 828","Товар завантажено через кілька фідів",Попередження,,
"variant_01KKJ7XQ1HRMW65QBHQNK5KTQA","1 950","Товар завантажено через кілька фідів",Попередження,,
"variant_01KKJ7XYVJ5E7G262KFWNG44SB","10 675","Товар завантажено через кілька фідів",Попередження,,
"variant_01KKJ7XVW1T8NFM6B9XN22ZJ2B","6 930","Товар завантажено через кілька фідів",Попередження,,
"variant_01KKJ7XX0W6XXEWX9XDDJFWTHJ","8 411","Товар завантажено через кілька фідів",Попередження,,
"variant_01KKJ7XP1ZR898SQFR7NB7PC12","1 276","Товар завантажено через кілька фідів",Попередження,,
"variant_01KKJ7XRAHS28NWD54S6W1V8YJ","3 262","Товар завантажено через кілька фідів",Попередження,,
"variant_01KKJ7XVJQZ75GR6BXTPSB8PPF","6 474","Товар завантажено через кілька фідів",Попередження,,
"variant_01KKJ7XY5EBPQMVXYWG3M09REX","10 089","Товар завантажено через кілька фідів",Попередження,,
"variant_01KKJ7XY58KMFMT2B7BF23G5M3","9 806","Товар завантажено через кілька фідів",Попередження,,
"variant_01KKJ7XNGCJQ3J7GJZSEKE04H6","1 031","Товар завантажено через кілька фідів",Попередження,,
"variant_01KKJ7XQTYAN7EQ2KKBX2DWKGJ","2 672","Товар завантажено через кілька фідів",Попередження,,
"variant_01KKJ7XRTW2XYKQ0GHZZW47R0C","3 414","Товар завантажено через кілька фідів",Попередження,,
"variant_01KKJ7XW5PM8X17JC89S32J13J","7 430","Товар завантажено через кілька фідів",Попередження,,
"variant_01KKJ7XT84Z2RABWVWJ658FWFR","5 223","Товар завантажено через кілька фідів",Попередження,,
"variant_01KKJ7XS6D89XWK4MD0GEMTV6B","3 797","Товар завантажено через кілька фідів",Попередження,,
"variant_01KKJ7XT83ZMJCY1K9577EQ8W4","5 133","Товар завантажено через кілька фідів",Попередження,,
"variant_01KKJ7XXTT98KFAMGS7F7DJTDF","9 378","Товар завантажено через кілька фідів",Попередження,,
"variant_01KKJ7XT81PG6RTTP6M2XK83Z6","4 981","Товар завантажено через кілька фідів",Попередження,,
"variant_01KKJ7XTNHBBE657X4VQMZX2KP","5 576","Товар завантажено через кілька фідів",Попередження,,
"variant_01KKJ7XZ6KXJNZVZ40T319RKP7","11 007","Товар завантажено через кілька фідів",Попередження,,
"variant_01KKJ7XP23WK55T4QS0N8FX80Z","1 448","Товар завантажено через кілька фідів",Попередження,,
"variant_01KKJ7XXHBXC7MTEMS6NK6YKHF","9 070","Товар завантажено через кілька фідів",Попередження,,
"variant_01KKJ7XSX01PP16N7AE471J2Y8","4 840","Товар завантажено через кілька фідів",Попередження,,
"variant_01KKJ7XWETYJVJVGE4N6RPZDY6","7 880","Товар завантажено через кілька фідів",Попередження,,
